truncate jumper cascade;

insert into jumper ( person_code, person_name,  parent_contact_name, email )
values
('a', 'Anna', 'Jena','jena@jena.com'),
('b', 'Julia', 'Jena','jena@jena.com'),
('c', 'Erica', 'Erica',''),
('d', 'Becka', 'Holliston',''),
('e', 'Sarah', 'Patrick',''),
('f', 'Max', 'Nancy',''),
('g', 'Kendal', 'mom',''),
('h', 'Brook', 'Holliston','');
commit;

insert into jumper_vitals (person_code, height,  weight, created_on )
values
('a', ((5+9/12)* 0.3048), (135 * .45359237),'2021-05-12 10:50:10.244178-04'),
('b', ((5+10.75/12)* 0.3048), (125 *.45359237),'2021-05-12 10:50:10.244178-04'),
('c', ((5+11/12)* 0.3048), (110 *.45359237),'2021-05-12 10:50:10.244178-04'),
('d', ((5+7.5/12)* 0.3048), (125 *.45359237),'2021-05-12 10:50:10.244178-04'),
('e', ((5+10.5/12)* 0.3048), (130 *.45359237),'2021-05-12 10:50:10.244178-04'),
('f', ((6+1/12)* 0.3048), (180 *.45359237),'2021-05-12 10:50:10.244178-04'),
('g', ((5+8/12)* 0.3048), (122 *.45359237),'2021-05-12 10:50:10.244178-04'),
('h', ((5+10/12)* 0.3048), (137 *.45359237),'2021-05-12 10:50:10.244178-04');

truncate category cascade;

insert into category( category_name ) values
('TRAINING AND DEVELOPMENT SKILL'), ('WORKOUTS'),('COACH A'),('COACH B'),
('Acceleration Flow'),('Bounding'),('Focused Jumper'), ('Take Off Control'),
('Foot Contact'),('Foot Placement'),('Plyometrics'),('Box Jumping'),
('Posture'),('Rotary Running' ),('Running Form'),('Take Off'),('Coach Cue'),
('Speed Technique'),('Strengh Training'),('Weight Training');

insert into category(category_name) values
('arm crossing body'), ('lean into curve'), ('quiet eye'),
('cross sync'), ('high arms'),('elbow out'), ('C curve posture'),
('wide knee to knee separation'), ('rotary_running'), ('bounding'),
('leg crossing midline'), ('triple flexion'),
('alternate knee not rising'),('compression on plant'),
('foot too close to mat'),('power jump'),
('foot too far from mat'), ('both arms up'), ('one drive arm'),
('one drive arm elongating body'), ('strong knee drive'),
( 'T symbol posture'), ('high shoulders'), ('standing second step'),
('running on toes'), ('high knee'),('knee cycle'),('Run Tall'),
('knee cross-body rotation'), ('lean away from bar'),
('good blocking lean prior to plant'),('Block Shoulders Behind Hips'),
('Drift into the Bar'),('See Tips of Fingers No More'),
('Run with Legs Like a Wheel Under You'),
 ('How Did The Jump Feel?'), ('chopped step'),
('Run on Your Whole Foot'),('Run T Tall'), ('Push Up in Hips'),('Nice Rhythm in Run');


insert into category_connect( hi_level_num, hi_category_name,
    seq_num, lo_level_num, lo_category_name ) values
( 0, 'COACH A', 0, 1, 'Posture'),
( 0, 'COACH A', 1, 1, 'Foot Contact'),
( 0, 'COACH A', 2, 1, 'Running Form'),
( 0, 'COACH A', 3, 1, 'Speed Technique'),
( 1, 'Posture', 0, 2, 'Run T Tall'),
( 1, 'Posture', 4, 2, 'How Did The Jump Feel?'),
( 1, 'Foot Contact', 1, 2, 'Run on Your Whole Foot'),
( 1, 'Running Form', 2, 2, 'Nice Rhythm in Run'),
( 1, 'Speed Technique', 3, 2, 'Push Up in Hips'),
( 2, 'Run T Tall', 0, 3, 'Coach Cue'),
( 2, 'Run on Your Whole Foot', 1, 3, 'Coach Cue'),
( 2, 'Nice Rhythm in Run', 2, 3, 'Coach Cue'),
( 2, 'Push Up in Hips', 3, 3, 'Coach Cue'),
( 2, 'How Did The Jump Feel?', 4, 3, 'Coach Cue'),
( 0, 'COACH B', 0, 1, 'Rotary Running'),
( 0, 'COACH B', 1, 1, 'Running Form'),
( 0, 'COACH B', 2, 1, 'Acceleration Flow'),
( 0, 'COACH B', 3, 1, 'Posture'),
( 1, 'Rotary Running', 0, 2, 'Run with Legs Like a Wheel Under You'),
( 1, 'Running Form', 1, 2, 'See Tips of Fingers No More'),
( 1, 'Acceleration Flow', 2, 2, 'Drift into the Bar'),
( 1, 'Posture', 3, 2, 'Block Shoulders Behind Hips'),
( 2, 'Run with Legs Like a Wheel Under You', 0, 3, 'Coach Cue'),
( 2, 'See Tips of Fingers No More', 1, 3, 'Coach Cue'),
( 2, 'Drift into the Bar', 2, 3, 'Coach Cue'),
( 2, 'Block Shoulders Behind Hips', 3, 3, 'Coach Cue'),
( 0, 'WORKOUTS', 1, 1, 'Strengh Training'),
( 0, 'WORKOUTS', 0, 1, 'Speed Technique'),
( 1, 'Strengh Training', 1, 2, 'Weight Training'),
( 1, 'Strengh Training', 0, 2, 'Plyometrics'),
( 0, 'WORKOUTS', 2, 1, 'Take Off Control'),
( 1, 'Take Off Control', 2, 2, 'Box Jumping'),
( 0, 'TRAINING AND DEVELOPMENT SKILL', 7, 1, 'Take Off'),
( 0, 'TRAINING AND DEVELOPMENT SKILL', 6, 1, 'Foot Contact'),
( 0, 'TRAINING AND DEVELOPMENT SKILL', 5, 1, 'Foot Placement'),
( 0, 'TRAINING AND DEVELOPMENT SKILL', 4, 1, 'Posture'),
( 0, 'TRAINING AND DEVELOPMENT SKILL', 3, 1, 'Speed Technique'),
( 0, 'TRAINING AND DEVELOPMENT SKILL', 2, 1, 'Running Form'),
( 0, 'TRAINING AND DEVELOPMENT SKILL', 1, 1, 'Acceleration Flow'),
( 0, 'TRAINING AND DEVELOPMENT SKILL', 0, 1, 'Focused Jumper'),
( 1, 'Acceleration Flow', 0, 2, 'lean into curve'),
( 1, 'Acceleration Flow', 1, 2, 'triple flexion'),
( 1, 'Acceleration Flow', 2, 2, 'lean away from bar'),
( 1, 'Acceleration Flow', 3, 2,'leg crossing midline'),
( 1, 'Acceleration Flow', 4, 2,'compression on plant'),
( 1, 'Focused Jumper', 0, 2, 'quiet eye'),
( 1, 'Speed Technique', 0, 2, 'Bounding'),
( 1, 'Speed Technique', 0, 2, 'Rotary Running'),
( 1, 'Bounding', 0, 2, 'high knee'),
( 1, 'Rotary Running', 0, 2, 'knee cycle'),
( 1, 'Rotary Running', 1, 2, 'standing second step'),
( 1, 'Foot Contact', 2, 2, 'running on toes'),
( 1, 'Foot Contact', 2, 2, 'compression on plant'),
( 1, 'Running Form', 0, 2, 'high arms'),
( 1, 'Running Form', 1, 2, 'cross sync'),
( 1, 'Running Form', 2, 2, 'arm crossing body'),
( 1, 'Running Form', 3, 2, 'wide knee to knee separation'),
( 1, 'Running Form', 4, 2, 'alternate knee not rising'),
( 1, 'Running Form', 5, 2, 'elbow out'),
( 1, 'Posture', 2, 2, 'C curve posture'),
( 1, 'Posture', 3, 2, 'T symbol posture'),
( 1, 'Posture', 4, 2, 'high shoulders'),
( 1, 'Posture', 5, 2, 'good blocking lean prior to plant'),
( 1, 'Foot Placement', 2, 2, 'foot too close to mat'),
( 1, 'Foot Placement', 3, 2, 'foot too far from mat'),
( 1, 'Take Off', 0, 2, 'strong knee drive'),
( 1, 'Take Off', 1, 2, 'knee cross-body rotation'),
( 1, 'Take Off', 2, 2, 'power jump'),
( 1, 'Take Off', 3, 2, 'one drive arm'),
( 1, 'Take Off', 4, 2, 'chopped step'),
( 1, 'Take Off', 5, 2, 'both arms up'),
( 1, 'Take Off', 6, 2, 'one drive arm elongating body');


truncate jump_part cascade;

insert into jump_part( jump_part_name) values
    ( 'video' ),( 'jump' ),( 'location' ),( 'day' ),( 'time' ),
    ('runup segment'),('curve segment'),('takeoff segment'),
    ( 'pose' ),('joint combo'),
    ( 'Right heel' ),
    ( 'Right knee' ),
    ( 'Right hip' ),
    ( 'Left hip' ),
    ( 'Left knee' ),
    ( 'Left heel' ),
    ( 'Right wrist' ),
    ( 'Right elbow' ),
    ( 'Right shoulder' ),
    ( 'Left shoulder' ),
    ( 'Left elbow' ),
    ( 'Left wrist' ),
    ( 'Neck' ),
    ( 'Head top' ),
    ( 'nose' ),
    ( 'left_eye' ),
    ( 'right_eye' ),
    ( 'left_ear' ),
    ( 'right_ear' ),
    ( 'left big toe' ),
    ( 'right big toe' ),
    ( 'Left small toe' ),
    ( 'Right small toe' ),
    ( 'L ankle' ),
    ( 'R ankle' );
